{
  "builder_name": "csv",
  "citation": "",
  "config_name": "default",
  "dataset_name": "csv",
  "dataset_size": 7690951,
  "description": "",
  "download_checksums": {
    "/data/data1/users/geofila/QAEvaluation/thesis/preprocessed_data/train_set.csv": {
      "num_bytes": 7712115,
      "checksum": null
    }
  },
  "download_size": 7712115,
  "features": {
    "question": {
      "dtype": "string",
      "_type": "Value"
    },
    "interview_question": {
      "dtype": "string",
      "_type": "Value"
    },
    "interview_answer": {
      "dtype": "string",
      "_type": "Value"
    },
    "label": {
      "dtype": "string",
      "_type": "Value"
    },
    "url": {
      "dtype": "string",
      "_type": "Value"
    },
    "inaudible": {
      "dtype": "bool",
      "_type": "Value"
    },
    "multiple_questions": {
      "dtype": "bool",
      "_type": "Value"
    },
    "affirmative_questions": {
      "dtype": "bool",
      "_type": "Value"
    }
  },
  "homepage": "",
  "license": "",
  "size_in_bytes": 15403066,
  "splits": {
    "train": {
      "name": "train",
      "num_bytes": 7690951,
      "num_examples": 3448,
      "dataset_name": "csv"
    }
  },
  "version": {
    "version_str": "0.0.0",
    "major": 0,
    "minor": 0,
    "patch": 0
  }
}